,Date,Transaction Date,Posting Date,Description,Amount,Category,Month,Year,Day,Weekday,Total Precip,Total Rain,Total Snow,Snow Grnd,Max Gust,Max Temp,Min Temp,Temp Diff,Mean Temp,Grocery Flag,PrevGroceryAmount,PrevGroceryFlag,PrevGroceryDate,Restaurant Flag,PrevRestaurantAmount,PrevRestaurantFlag,PrevRestaurantDate,GroceryDiff,RestaurantDiff,Grocery Amount,Restaurant Amount
0,2020-02-23,23-Feb,26-Feb,wal-mart supercenter#3141burlington on,6.81,Shopping,Feb,2020,23,Sunday,0.0,0.0,0.0,0.0,42.0,,,,,1,0.0,0,2020-02-23,0,0.0,0,2020-02-23,0,0,6.81,0.0
1,2020-02-23,23-Feb,26-Feb,wal-mart supercenter#3141burlington on,11.27,Shopping,Feb,2020,23,Sunday,0.0,0.0,0.0,0.0,42.0,,,,,1,0.0,0,2020-02-23,0,0.0,0,2020-02-23,0,0,11.27,0.0
2,2020-02-29,Feb-29,2-Mar,anjappar chettinad restaubrampton on,38.14,Restaurant,Feb,2020,29,Saturday,0.0,0.0,0.0,16.0,48.0,-3.8,-12.7,8.899999999999999,-8.3,0,18.08,2,2020-02-23,1,0.0,0,2020-02-29,6,0,0.0,38.14
3,2020-03-01,1-Mar,4-Mar,wal-mart supercenter#1107waterdown on,157.77,Shopping,Mar,2020,1,Sunday,0.0,0.0,0.0,16.0,33.0,4.2,-12.8,17.0,-4.3,1,18.08,2,2020-02-23,0,38.14,1,2020-02-29,7,1,157.77,0.0
4,2020-03-01,1-Mar,4-Mar,wal-mart supercenter#1107waterdown on,35.45,Shopping,Mar,2020,1,Sunday,0.0,0.0,0.0,16.0,33.0,4.2,-12.8,17.0,-4.3,1,18.08,2,2020-02-23,0,38.14,1,2020-02-29,7,1,35.45,0.0
5,2020-03-02,2-Mar,3-Mar,eric's no frills 3114 waterdown on,18.91,Groceries,Mar,2020,2,Monday,11.4,11.4,0.0,10.0,42.0,6.2,2.6,3.6,4.4,1,193.22000000000003,2,2020-03-01,0,38.14,1,2020-02-29,1,2,18.91,0.0
6,2020-03-03,3-Mar,6-Mar,fortinos (waterdown 20 waterdown on,14.46,Groceries,Mar,2020,3,Tuesday,9.0,9.0,0.0,0.0,48.0,4.3,1.5,2.8,2.9,1,18.91,1,2020-03-02,0,38.14,1,2020-02-29,1,3,14.46,0.0
7,2020-03-05,5-Mar,9-Mar,wal-mart supercenter#1107waterdown on,105.29,Shopping,Mar,2020,5,Thursday,0.0,0.0,0.0,,35.0,5.4,-4.9,10.3,0.3,1,14.46,1,2020-03-03,0,38.14,1,2020-02-29,2,5,105.29,0.0
8,2020-03-07,7-Mar,9-Mar,indian grocers burlington on,35.26,Groceries,Mar,2020,7,Saturday,0.0,0.0,0.0,5.0,33.0,2.2,-8.9,11.100000000000001,-3.4,1,105.29,1,2020-03-05,0,38.14,1,2020-02-29,2,7,35.26,0.0
9,2020-03-08,8-Mar,11-Mar,anjappar chettinad restaubrampton on,35.88,Restaurant,Mar,2020,8,Sunday,0.0,0.0,0.0,4.0,59.0,10.8,-1.7,12.5,4.6,0,35.26,1,2020-03-07,1,38.14,1,2020-02-29,1,8,0.0,35.88
10,2020-03-18,18-Mar,19-Mar,indian grocers burlington on,68.3,Groceries,Mar,2020,18,Wednesday,4.0,4.0,0.0,,48.0,3.5,-4.5,8.0,-0.5,1,35.26,1,2020-03-07,0,35.88,1,2020-03-08,11,10,68.3,0.0
11,2020-03-19,19-Mar,20-Mar,fortinos (main street) hamilton on,22.01,Groceries,Mar,2020,19,Thursday,2.6,2.6,0.0,,37.0,8.9,1.0,7.9,5.0,1,68.3,1,2020-03-18,0,35.88,1,2020-03-08,1,11,22.01,0.0
12,2020-03-21,21-Mar,23-Mar,fortinos (main street) hamilton on,69.79,Groceries,Mar,2020,21,Saturday,0.0,0.0,0.0,,32.0,0.5,-7.0,7.5,-3.3,1,22.01,1,2020-03-19,0,35.88,1,2020-03-08,2,13,69.79,0.0
13,2020-03-22,22-Mar,25-Mar,wal-mart supercenter#1107waterdown on,145.0,Shopping,Mar,2020,22,Sunday,0.0,0.0,0.0,0.0,50.0,1.2,-8.6,9.799999999999999,-3.7,1,69.79,1,2020-03-21,0,35.88,1,2020-03-08,1,14,145.0,0.0
14,2020-03-24,24-Mar,25-Mar,fortinos (main street) hamilton on,16.32,Groceries,Mar,2020,24,Tuesday,0.0,0.0,0.0,,33.0,4.5,-0.6,5.1,2.0,1,145.0,1,2020-03-22,0,35.88,1,2020-03-08,2,16,16.32,0.0
15,2020-03-24,24-Mar,25-Mar,fortinos (waterdown 20 waterdown on,9.1,Groceries,Mar,2020,24,Tuesday,0.0,0.0,0.0,,33.0,4.5,-0.6,5.1,2.0,1,145.0,1,2020-03-22,0,35.88,1,2020-03-08,2,16,9.1,0.0
16,2020-03-28,28-Mar,30-Mar,fortinos (waterdown 20 waterdown on,139.56,Groceries,Mar,2020,28,Saturday,7.4,7.4,0.0,,48.0,4.1,1.7,2.3999999999999995,2.9,1,25.42,2,2020-03-24,0,35.88,1,2020-03-08,4,20,139.56,0.0
17,2020-04-07,7-Apr,8-Apr,fortinos (waterdown 20 waterdown on,167.26,Groceries,Apr,2020,7,Tuesday,1.8,1.8,0.0,,54.0,14.6,3.6,11.0,9.1,1,139.56,1,2020-03-28,0,35.88,1,2020-03-08,10,30,167.26,0.0
18,2020-04-16,16-Apr,17-Apr,fortinos (waterdown 20 waterdown on,94.69,Groceries,Apr,2020,16,Thursday,0.0,0.0,0.0,,55.0,4.3,-5.6,9.899999999999999,-0.7,1,167.26,1,2020-04-07,0,35.88,1,2020-03-08,9,39,94.69,0.0
19,2020-04-24,24-Apr,27-Apr,fortinos (waterdown 20 waterdown on,105.79,Groceries,Apr,2020,24,Friday,0.0,0.0,0.0,,52.0,9.7,1.2,8.5,5.5,1,94.69,1,2020-04-16,0,35.88,1,2020-03-08,8,47,105.79,0.0
20,2020-04-26,26-Apr,29-Apr,wal-mart supercenter#1107waterdown on,267.82,Shopping,Apr,2020,26,Sunday,12.6,12.6,0.0,,80.0,5.9,4.0,1.9000000000000004,5.0,1,105.79,1,2020-04-24,0,35.88,1,2020-03-08,2,49,267.82,0.0
21,2020-05-01,1-May,4-May,fortinos (waterdown 20 waterdown on,123.65,Groceries,May,2020,1,Friday,0.8,0.8,0.0,,,16.2,7.1,9.1,11.7,1,267.82,1,2020-04-26,0,35.88,1,2020-03-08,5,54,123.65,0.0
22,2020-05-08,8-May,11-May,wal-mart supercenter#1107waterdown on,38.33,Shopping,May,2020,8,Friday,0.0,0.0,0.0,,54.0,6.3,-3.0,9.3,1.7,1,123.65,1,2020-05-01,0,35.88,1,2020-03-08,7,61,38.33,0.0
23,2020-05-08,8-May,11-May,fortinos (waterdown 20 waterdown on,147.03,Groceries,May,2020,8,Friday,0.0,0.0,0.0,,54.0,6.3,-3.0,9.3,1.7,1,123.65,1,2020-05-01,0,35.88,1,2020-03-08,7,61,147.03,0.0
24,2020-05-15,15-May,19-May,fortinos (waterdown 20 waterdown on,87.1,Groceries,May,2020,15,Friday,8.0,8.0,0.0,,59.0,23.1,8.1,15.000000000000002,15.6,1,185.36,2,2020-05-08,0,35.88,1,2020-03-08,7,68,87.1,0.0
25,2020-05-15,15-May,19-May,wal-mart supercenter#1107waterdown on,117.59,Shopping,May,2020,15,Friday,8.0,8.0,0.0,,59.0,23.1,8.1,15.000000000000002,15.6,1,185.36,2,2020-05-08,0,35.88,1,2020-03-08,7,68,117.59,0.0
26,2020-05-19,19-May,22-May,wal-mart supercenter#1107waterdown on,28.2,Shopping,May,2020,19,Tuesday,0.0,0.0,0.0,,59.0,14.5,7.1,7.4,10.8,1,204.69,2,2020-05-15,0,35.88,1,2020-03-08,4,72,28.2,0.0
27,2020-05-25,25-May,26-May,fortinos (waterdown 20 waterdown on,75.34,Groceries,May,2020,25,Monday,0.0,0.0,0.0,,35.0,30.5,17.6,12.899999999999999,24.1,1,28.2,1,2020-05-19,0,35.88,1,2020-03-08,6,78,75.34,0.0
28,2020-06-03,3-Jun,4-Jun,fortinos (waterdown 20 waterdown on,56.21,Groceries,Jun,2020,3,Wednesday,3.3,3.3,0.0,,45.0,26.7,14.3,12.399999999999999,20.5,1,75.34,1,2020-05-25,0,35.88,1,2020-03-08,9,87,56.21,0.0
29,2020-06-05,5-Jun,8-Jun,wal-mart supercenter#1107waterdown on,105.16,Shopping,Jun,2020,5,Friday,0.0,0.0,0.0,,37.0,28.3,15.3,13.0,21.8,1,56.21,1,2020-06-03,0,35.88,1,2020-03-08,2,89,105.16,0.0
30,2020-06-09,9-Jun,10-Jun,fortinos (waterdown 20 waterdown on,33.49,Groceries,Jun,2020,9,Tuesday,0.0,0.0,0.0,,,30.3,12.1,18.200000000000003,21.2,1,105.16,1,2020-06-05,0,35.88,1,2020-03-08,4,93,33.49,0.0
31,2020-06-14,14-Jun,15-Jun,fortinos (waterdown 20 waterdown on,11.33,Groceries,Jun,2020,14,Sunday,0.0,0.0,0.0,,45.0,17.5,6.8,10.7,12.2,1,33.49,1,2020-06-09,0,35.88,1,2020-03-08,5,98,11.33,0.0
32,2020-06-17,17-Jun,18-Jun,indian grocers burlington on,13.86,Groceries,Jun,2020,17,Wednesday,0.0,0.0,0.0,,32.0,27.0,10.7,16.3,18.9,1,11.33,1,2020-06-14,0,35.88,1,2020-03-08,3,101,13.86,0.0
33,2020-06-19,19-Jun,22-Jun,fortinos (waterdown 20 waterdown on,116.96,Groceries,Jun,2020,19,Friday,0.0,0.0,0.0,,37.0,29.0,14.1,14.9,21.6,1,13.86,1,2020-06-17,0,35.88,1,2020-03-08,2,103,116.96,0.0
34,2020-06-22,22-Jun,25-Jun,wal-mart supercenter#1107waterdown on,29.37,Shopping,Jun,2020,22,Monday,0.0,0.0,0.0,,45.0,28.4,18.1,10.299999999999997,23.3,1,116.96,1,2020-06-19,0,35.88,1,2020-03-08,3,106,29.37,0.0
35,2020-06-24,24-Jun,25-Jun,fortinos (main street) hamilton on,15.17,Groceries,Jun,2020,24,Wednesday,2.0,2.0,0.0,,52.0,21.7,13.2,8.5,17.5,1,29.37,1,2020-06-22,0,35.88,1,2020-03-08,2,108,15.17,0.0
36,2020-06-27,27-Jun,29-Jun,indian grocers burlington on,42.2,Groceries,Jun,2020,27,Saturday,11.8,11.8,0.0,,37.0,27.3,18.5,8.8,22.9,1,15.17,1,2020-06-24,0,35.88,1,2020-03-08,3,111,42.2,0.0
37,2020-06-27,27-Jun,29-Jun,fortinos (upper middle burlington on,52.48,Groceries,Jun,2020,27,Saturday,11.8,11.8,0.0,,37.0,27.3,18.5,8.8,22.9,1,15.17,1,2020-06-24,0,35.88,1,2020-03-08,3,111,52.48,0.0
38,2020-06-30,30-Jun,2-Jul,fortinos (waterdown 20 waterdown on,27.32,Groceries,Jun,2020,30,Tuesday,0.0,0.0,0.0,,35.0,27.0,17.9,9.100000000000001,22.5,1,94.68,2,2020-06-27,0,35.88,1,2020-03-08,3,114,27.32,0.0
39,2020-06-30,30-Jun,2-Jul,doordash*india village downtown toroon,29.85,Food - Take out,Jun,2020,30,Tuesday,0.0,0.0,0.0,,35.0,27.0,17.9,9.100000000000001,22.5,0,94.68,2,2020-06-27,1,35.88,1,2020-03-08,3,114,0.0,29.85
40,2020-07-04,4-Jul,6-Jul,fortinos (main street) hamilton on,49.13,Groceries,Jul,2020,4,Saturday,0.0,0.0,0.0,,37.0,30.5,18.5,12.0,24.5,1,27.32,1,2020-06-30,0,29.85,1,2020-06-30,4,4,49.13,0.0
41,2020-07-06,6-Jul,7-Jul,fortinos (waterdown 20 waterdown on,20.25,Groceries,Jul,2020,6,Monday,0.0,0.0,0.0,,,30.3,18.6,11.7,24.5,1,49.13,1,2020-07-04,0,29.85,1,2020-06-30,2,6,20.25,0.0
42,2020-07-08,8-Jul,9-Jul,fortinos (waterdown 20 waterdown on,17.28,Groceries,Jul,2020,8,Wednesday,2.8,2.8,0.0,,58.0,33.5,21.0,12.5,27.3,1,20.25,1,2020-07-06,0,29.85,1,2020-06-30,2,8,17.28,0.0
43,2020-07-10,10-Jul,13-Jul,indian grocers burlington on,39.6,Groceries,Jul,2020,10,Friday,6.2,6.2,0.0,,61.0,34.1,20.0,14.100000000000001,27.1,1,17.28,1,2020-07-08,0,29.85,1,2020-06-30,2,10,39.6,0.0
44,2020-07-13,13-Jul,14-Jul,fortinos (main street) hamilton on,28.93,Groceries,Jul,2020,13,Monday,0.0,0.0,0.0,,39.0,25.7,14.6,11.1,20.2,1,39.6,1,2020-07-10,0,29.85,1,2020-06-30,3,13,28.93,0.0
45,2020-07-13,13-Jul,14-Jul,fortinos (main street) hamilton on,4.85,Groceries,Jul,2020,13,Monday,0.0,0.0,0.0,,39.0,25.7,14.6,11.1,20.2,1,39.6,1,2020-07-10,0,29.85,1,2020-06-30,3,13,4.85,0.0
46,2020-07-15,15-Jul,16-Jul,fortinos (main street) hamilton on,62.7,Groceries,Jul,2020,15,Wednesday,0.0,0.0,0.0,,,29.4,15.2,14.2,22.3,1,33.78,2,2020-07-13,0,29.85,1,2020-06-30,2,15,62.7,0.0
47,2020-07-18,18-Jul,20-Jul,doordash*basilique downtown toroon,22.05,Food - Take out,Jul,2020,18,Saturday,0.0,0.0,0.0,,45.0,31.0,16.4,14.600000000000001,23.7,0,62.7,1,2020-07-15,1,29.85,1,2020-06-30,3,18,0.0,22.05
48,2020-07-20,20-Jul,21-Jul,fortinos (main street) hamilton on,23.92,Groceries,Jul,2020,20,Monday,0.0,0.0,0.0,,52.0,28.6,17.5,11.100000000000001,23.1,1,62.7,1,2020-07-15,0,22.05,1,2020-07-18,5,2,23.92,0.0
49,2020-07-22,22-Jul,23-Jul,fortinos (main street) hamilton on,17.93,Groceries,Jul,2020,22,Wednesday,6.0,6.0,0.0,,46.0,27.8,17.6,10.2,22.7,1,23.92,1,2020-07-20,0,22.05,1,2020-07-18,2,4,17.93,0.0
50,2020-07-22,22-Jul,23-Jul,doordash*thai express downtown toroon,22.8,Food - Take out,Jul,2020,22,Wednesday,6.0,6.0,0.0,,46.0,27.8,17.6,10.2,22.7,0,23.92,1,2020-07-20,1,22.05,1,2020-07-18,2,4,0.0,22.8
51,2020-07-25,25-Jul,27-Jul,indian grocers burlington on,38.69,Groceries,Jul,2020,25,Saturday,0.0,0.0,0.0,,,29.9,15.4,14.499999999999998,22.7,1,17.93,1,2020-07-22,0,22.8,1,2020-07-22,3,3,38.69,0.0
52,2020-07-25,25-Jul,27-Jul,fortinos (upper middle burlington on,33.86,Groceries,Jul,2020,25,Saturday,0.0,0.0,0.0,,,29.9,15.4,14.499999999999998,22.7,1,17.93,1,2020-07-22,0,22.8,1,2020-07-22,3,3,33.86,0.0
53,2020-07-30,30-Jul,31-Jul,fortinos (main street) hamilton on,60.74,Groceries,Jul,2020,30,Thursday,0.0,0.0,0.0,,32.0,28.1,15.8,12.3,22.0,1,72.55,2,2020-07-25,0,22.8,1,2020-07-22,5,8,60.74,0.0
54,2020-08-01,1-Aug,3-Aug,fortinos (waterdown 20 waterdown on,55.61,Groceries,Aug,2020,1,Saturday,5.4,5.4,0.0,,35.0,28.5,16.6,11.899999999999999,22.6,1,60.74,1,2020-07-30,0,22.8,1,2020-07-22,2,10,55.61,0.0
55,2020-08-04,4-Aug,5-Aug,fortinos (main street) hamilton on,36.19,Groceries,Aug,2020,4,Tuesday,6.0,6.0,0.0,,37.0,25.4,16.2,9.2,20.8,1,55.61,1,2020-08-01,0,22.8,1,2020-07-22,3,13,36.19,0.0
56,2020-08-06,6-Aug,7-Aug,doordash*indian chines downtown toroon,31.53,Food - Take out,Aug,2020,6,Thursday,0.0,0.0,0.0,,45.0,24.7,12.9,11.799999999999999,18.8,0,36.19,1,2020-08-04,1,22.8,1,2020-07-22,2,15,0.0,31.53
57,2020-08-07,7-Aug,10-Aug,indian grocers burlington on,29.77,Groceries,Aug,2020,7,Friday,0.0,0.0,0.0,,,25.0,12.8,12.2,18.9,1,36.19,1,2020-08-04,0,31.53,1,2020-08-06,3,1,29.77,0.0
58,2020-08-08,8-Aug,10-Aug,fortinos (main street) hamilton on,44.05,Groceries,Aug,2020,8,Saturday,0.0,0.0,0.0,,,27.4,13.1,14.299999999999999,20.3,1,29.77,1,2020-08-07,0,31.53,1,2020-08-06,1,2,44.05,0.0
59,2020-08-08,8-Aug,10-Aug,fortinos (main street) hamilton on,4.85,Groceries,Aug,2020,8,Saturday,0.0,0.0,0.0,,,27.4,13.1,14.299999999999999,20.3,1,29.77,1,2020-08-07,0,31.53,1,2020-08-06,1,2,4.85,0.0
60,2020-08-12,12-Aug,13-Aug,fortinos (main street) hamilton on,4.85,Groceries,Aug,2020,12,Wednesday,0.0,0.0,0.0,,33.0,29.2,11.5,17.7,20.4,1,48.9,2,2020-08-08,0,31.53,1,2020-08-06,4,6,4.85,0.0
61,2020-08-12,12-Aug,13-Aug,fortinos (main street) hamilton on,47.73,Groceries,Aug,2020,12,Wednesday,0.0,0.0,0.0,,33.0,29.2,11.5,17.7,20.4,1,48.9,2,2020-08-08,0,31.53,1,2020-08-06,4,6,47.73,0.0
62,2020-08-17,17-Aug,18-Aug,fortinos (main street) hamilton on,27.47,Groceries,Aug,2020,17,Monday,4.2,4.2,0.0,,45.0,27.1,12.6,14.500000000000002,19.9,1,52.58,2,2020-08-12,0,31.53,1,2020-08-06,5,11,27.47,0.0
63,2020-08-19,19-Aug,20-Aug,fortinos (main street) hamilton on,47.34,Groceries,Aug,2020,19,Wednesday,0.0,0.0,0.0,,,23.9,8.4,15.499999999999998,16.2,1,27.47,1,2020-08-17,0,31.53,1,2020-08-06,2,13,47.34,0.0
64,2020-08-21,21-Aug,24-Aug,indian grocers burlington on,59.56,Groceries,Aug,2020,21,Friday,0.0,0.0,0.0,,35.0,29.5,11.9,17.6,20.7,1,47.34,1,2020-08-19,0,31.53,1,2020-08-06,2,15,59.56,0.0
65,2020-08-24,24-Aug,25-Aug,fortinos (main street) hamilton on,44.33,Groceries,Aug,2020,24,Monday,5.2,5.2,0.0,,39.0,31.6,16.9,14.700000000000003,24.3,1,59.56,1,2020-08-21,0,31.53,1,2020-08-06,3,18,44.33,0.0
66,2020-08-26,26-Aug,27-Aug,fortinos (main street) hamilton on,15.93,Groceries,Aug,2020,26,Wednesday,3.0,3.0,0.0,,32.0,21.6,13.4,8.200000000000001,17.5,1,44.33,1,2020-08-24,0,31.53,1,2020-08-06,2,20,15.93,0.0
67,2020-08-26,26-Aug,27-Aug,fortinos (main street) hamilton on,4.85,Groceries,Aug,2020,26,Wednesday,3.0,3.0,0.0,,32.0,21.6,13.4,8.200000000000001,17.5,1,44.33,1,2020-08-24,0,31.53,1,2020-08-06,2,20,4.85,0.0
68,2020-08-29,29-Aug,31-Aug,fortinos (waterdown 20 waterdown on,35.75,Groceries,Aug,2020,29,Saturday,0.0,0.0,0.0,,58.0,24.8,14.7,10.100000000000001,19.8,1,20.78,2,2020-08-26,0,31.53,1,2020-08-06,3,23,35.75,0.0
69,2020-09-01,1-Sep,2-Sep,fortinos (main street) hamilton on,52.49,Groceries,Sep,2020,1,Tuesday,0.4,0.4,0.0,,37.0,28.9,16.5,12.399999999999999,22.7,1,35.75,1,2020-08-29,0,31.53,1,2020-08-06,3,26,52.49,0.0
70,2020-09-02,2-Sep,3-Sep,doordash*indian chines downtown toroon,27.83,Food - Take out,Sep,2020,2,Wednesday,1.6,1.6,0.0,,46.0,27.6,15.2,12.400000000000002,21.4,0,52.49,1,2020-09-01,1,31.53,1,2020-08-06,1,27,0.0,27.83
71,2020-09-05,5-Sep,8-Sep,indian grocers burlington on,57.4,Groceries,Sep,2020,5,Saturday,0.2,0.2,0.0,,,19.4,8.5,10.899999999999999,14.0,1,52.49,1,2020-09-01,0,27.83,1,2020-09-02,4,3,57.4,0.0
72,2020-09-06,6-Sep,10-Sep,wal-mart supercenter#1107waterdown on,11.28,Shopping,Sep,2020,6,Sunday,0.0,0.0,0.0,,42.0,23.5,5.7,17.8,14.6,1,57.4,1,2020-09-05,0,27.83,1,2020-09-02,1,4,11.28,0.0
73,2020-09-08,8-Sep,9-Sep,fortinos (main street) hamilton on,24.98,Groceries,Sep,2020,8,Tuesday,0.2,0.2,0.0,,41.0,17.5,13.4,4.1,15.5,1,11.28,1,2020-09-06,0,27.83,1,2020-09-02,2,6,24.98,0.0
74,2020-09-08,8-Sep,9-Sep,fortinos (main street) hamilton on,4.85,Groceries,Sep,2020,8,Tuesday,0.2,0.2,0.0,,41.0,17.5,13.4,4.1,15.5,1,11.28,1,2020-09-06,0,27.83,1,2020-09-02,2,6,4.85,0.0
75,2020-09-12,12-Sep,14-Sep,leela supermarket brampton on,39.81,Groceries,Sep,2020,12,Saturday,0.0,0.0,0.0,,32.0,21.1,8.7,12.400000000000002,14.9,1,29.83,2,2020-09-08,0,27.83,1,2020-09-02,4,10,39.81,0.0
76,2020-09-13,13-Sep,16-Sep,wal-mart supercenter#1107waterdown on,63.77,Shopping,Sep,2020,13,Sunday,13.0,13.0,0.0,,48.0,25.0,13.7,11.3,19.4,1,39.81,1,2020-09-12,0,27.83,1,2020-09-02,1,11,63.77,0.0
77,2020-09-14,14-Sep,15-Sep,fortinos (main street) hamilton on,95.61,Groceries,Sep,2020,14,Monday,0.0,0.0,0.0,,,17.7,6.8,10.899999999999999,12.3,1,63.77,1,2020-09-13,0,27.83,1,2020-09-02,1,12,95.61,0.0
78,2020-09-16,16-Sep,17-Sep,fortinos (main street) hamilton on,69.6,Groceries,Sep,2020,16,Wednesday,0.0,0.0,0.0,,45.0,22.9,11.2,11.7,17.1,1,95.61,1,2020-09-14,0,27.83,1,2020-09-02,2,14,69.6,0.0
79,2020-09-16,16-Sep,17-Sep,fortinos (main street) hamilton on,4.85,Groceries,Sep,2020,16,Wednesday,0.0,0.0,0.0,,45.0,22.9,11.2,11.7,17.1,1,95.61,1,2020-09-14,0,27.83,1,2020-09-02,2,14,4.85,0.0
80,2020-09-17,17-Sep,21-Sep,wal-mart supercenter#3141burlington on,45.35,Shopping,Sep,2020,17,Thursday,0.0,0.0,0.0,,37.0,19.4,7.2,12.2,13.3,1,74.44999999999999,2,2020-09-16,0,27.83,1,2020-09-02,1,15,45.35,0.0
81,2020-09-20,20-Sep,21-Sep,fortinos (upper middle burlington on,3.99,Groceries,Sep,2020,20,Sunday,0.0,0.0,0.0,,33.0,16.6,4.4,12.200000000000001,10.5,1,45.35,1,2020-09-17,0,27.83,1,2020-09-02,3,18,3.99,0.0
82,2020-09-22,22-Sep,23-Sep,doordash*kwality fine downtown toroon,18.07,Food - Take out,Sep,2020,22,Tuesday,0.0,0.0,0.0,,33.0,22.5,4.9,17.6,13.7,0,3.99,1,2020-09-20,1,27.83,1,2020-09-02,2,20,0.0,18.07
83,2020-09-23,23-Sep,24-Sep,indian grocers burlington on,50.8,Groceries,Sep,2020,23,Wednesday,0.0,0.0,0.0,,37.0,26.7,9.7,17.0,18.2,1,3.99,1,2020-09-20,0,18.07,1,2020-09-22,3,1,50.8,0.0
84,2020-09-23,23-Sep,24-Sep,fortinos (upper middle burlington on,8.19,Groceries,Sep,2020,23,Wednesday,0.0,0.0,0.0,,37.0,26.7,9.7,17.0,18.2,1,3.99,1,2020-09-20,0,18.07,1,2020-09-22,3,1,8.19,0.0
85,2020-09-25,25-Sep,28-Sep,fortinos (upper middle burlington on,11.18,Groceries,Sep,2020,25,Friday,0.0,0.0,0.0,,,26.4,10.8,15.599999999999998,18.6,1,58.989999999999995,2,2020-09-23,0,18.07,1,2020-09-22,2,3,11.18,0.0
86,2020-09-27,27-Sep,28-Sep,fortinos (upper middle burlington on,18.76,Groceries,Sep,2020,27,Sunday,0.0,0.0,0.0,,54.0,25.1,17.8,7.300000000000001,21.5,1,11.18,1,2020-09-25,0,18.07,1,2020-09-22,2,5,18.76,0.0
87,2020-09-28,28-Sep,29-Sep,doordash*m2go by manda downtown toroon,20.32,Food - Take out,Sep,2020,28,Monday,0.0,0.0,0.0,,50.0,25.6,13.2,12.400000000000002,19.4,0,18.76,1,2020-09-27,1,18.07,1,2020-09-22,1,6,0.0,20.32
88,2020-09-30,30-Sep,1-Oct,fortinos (main street) hamilton on,32.68,Groceries,Sep,2020,30,Wednesday,8.6,8.6,0.0,,65.0,18.1,8.7,9.400000000000002,13.4,1,18.76,1,2020-09-27,0,20.32,1,2020-09-28,3,2,32.68,0.0
89,2020-09-30,30-Sep,1-Oct,fortinos (waterdown 20 waterdown on,65.03,Groceries,Sep,2020,30,Wednesday,8.6,8.6,0.0,,65.0,18.1,8.7,9.400000000000002,13.4,1,18.76,1,2020-09-27,0,20.32,1,2020-09-28,3,2,65.03,0.0
90,2020-10-02,2-Oct,5-Oct,indian grocers burlington on,14.35,Groceries,Oct,2020,2,Friday,0.6,0.6,0.0,,,13.9,4.0,9.9,9.0,1,97.71000000000001,2,2020-09-30,0,20.32,1,2020-09-28,2,4,14.35,0.0
91,2020-10-03,3-Oct,5-Oct,wal-mart supercenter#1107waterdown on,54.08,Shopping,Oct,2020,3,Saturday,0.2,0.2,0.0,,,13.4,1.6,11.8,7.5,1,14.35,1,2020-10-02,0,20.32,1,2020-09-28,1,5,54.08,0.0
92,2020-10-06,6-Oct,7-Oct,bombay spices hamilton hamilton on,18.43,Restaurant,Oct,2020,6,Tuesday,0.0,0.0,0.0,,55.0,18.1,6.3,11.8,12.2,0,54.08,1,2020-10-03,1,20.32,1,2020-09-28,3,8,0.0,18.43
93,2020-10-06,6-Oct,7-Oct,doordash*buffalo wild downtown toroon,20.88,Food - Take out,Oct,2020,6,Tuesday,0.0,0.0,0.0,,55.0,18.1,6.3,11.8,12.2,0,54.08,1,2020-10-03,1,20.32,1,2020-09-28,3,8,0.0,20.88
94,2020-10-06,6-Oct,9-Oct,wal-mart supercenter#3096hamilton on,31.35,Shopping,Oct,2020,6,Tuesday,0.0,0.0,0.0,,55.0,18.1,6.3,11.8,12.2,1,54.08,1,2020-10-03,0,20.32,1,2020-09-28,3,8,31.35,0.0
95,2020-10-08,8-Oct,13-Oct,wal-mart supercenter#1107waterdown on,34.54,Shopping,Oct,2020,8,Thursday,0.0,0.0,0.0,,41.0,17.1,3.8,13.3,10.5,1,31.35,1,2020-10-06,0,39.31,2,2020-10-06,2,2,34.54,0.0
96,2020-10-09,9-Oct,13-Oct,wal*mart canada inc mississauga on,62.14,,Oct,2020,9,Friday,0.0,0.0,0.0,,52.0,18.9,2.1,16.799999999999997,10.5,1,34.54,1,2020-10-08,0,39.31,2,2020-10-06,1,3,62.14,0.0
97,2020-10-10,10-Oct,13-Oct,fortinos (main street) hamilton on,4.85,Groceries,Oct,2020,10,Saturday,0.8,0.8,0.0,,55.0,22.3,8.0,14.3,15.2,1,62.14,1,2020-10-09,0,39.31,2,2020-10-06,1,4,4.85,0.0
98,2020-10-10,10-Oct,13-Oct,fortinos (main street) hamilton on,110.64,Groceries,Oct,2020,10,Saturday,0.8,0.8,0.0,,55.0,22.3,8.0,14.3,15.2,1,62.14,1,2020-10-09,0,39.31,2,2020-10-06,1,4,110.64,0.0
99,2020-10-11,11-Oct,13-Oct,wal*mart canada inc mississauga on,53.71,,Oct,2020,11,Sunday,0.0,0.0,0.0,,61.0,11.4,6.0,5.4,8.7,1,115.49,2,2020-10-10,0,39.31,2,2020-10-06,1,5,53.71,0.0
100,2020-10-11,11-Oct,15-Oct,wal-mart supercenter#1107waterdown on,31.69,Shopping,Oct,2020,11,Sunday,0.0,0.0,0.0,,61.0,11.4,6.0,5.4,8.7,1,115.49,2,2020-10-10,0,39.31,2,2020-10-06,1,5,31.69,0.0
101,2020-10-13,13-Oct,14-Oct,fortinos (main street) hamilton on,22.51,Groceries,Oct,2020,13,Tuesday,6.6,6.6,0.0,,54.0,17.5,8.6,8.9,13.1,1,85.4,2,2020-10-11,0,39.31,2,2020-10-06,2,7,22.51,0.0
102,2020-10-16,16-Oct,19-Oct,fortinos (main street) hamilton on,18.31,Groceries,Oct,2020,16,Friday,0.0,0.0,0.0,,45.0,11.0,1.5,9.5,6.3,1,22.51,1,2020-10-13,0,39.31,2,2020-10-06,3,10,18.31,0.0
103,2020-10-16,16-Oct,19-Oct,fortinos (waterdown 20 waterdown on,17.68,Groceries,Oct,2020,16,Friday,0.0,0.0,0.0,,45.0,11.0,1.5,9.5,6.3,1,22.51,1,2020-10-13,0,39.31,2,2020-10-06,3,10,17.68,0.0
104,2020-10-21,21-Oct,22-Oct,eric's no frills 3114 waterdown on,41.36,Groceries,Oct,2020,21,Wednesday,6.8,6.8,0.0,,63.0,17.1,5.5,11.600000000000001,11.3,1,35.989999999999995,2,2020-10-16,0,39.31,2,2020-10-06,5,15,41.36,0.0
105,2020-10-23,23-Oct,26-Oct,indian grocers burlington on,28.54,Groceries,Oct,2020,23,Friday,12.6,12.6,0.0,,54.0,24.7,7.0,17.7,15.9,1,41.36,1,2020-10-21,0,39.31,2,2020-10-06,2,17,28.54,0.0
106,2020-10-23,23-Oct,26-Oct,the wingery - burlingt burlington on,12.41,Food - Take out,Oct,2020,23,Friday,12.6,12.6,0.0,,54.0,24.7,7.0,17.7,15.9,0,41.36,1,2020-10-21,1,39.31,2,2020-10-06,2,17,0.0,12.41
107,2020-10-24,24-Oct,27-Oct,wal-mart supercenter#1107waterdown on,81.47,Shopping,Oct,2020,24,Saturday,0.0,0.0,0.0,,45.0,7.6,1.0,6.6,4.3,1,28.54,1,2020-10-23,0,12.41,1,2020-10-23,1,1,81.47,0.0
108,2020-10-26,26-Oct,27-Oct,fortinos (main street) hamilton on,69.15,Groceries,Oct,2020,26,Monday,0.4,0.4,0.0,,,8.0,3.4,4.6,5.7,1,81.47,1,2020-10-24,0,12.41,1,2020-10-23,2,3,69.15,0.0
109,2020-10-29,29-Oct,30-Oct,fortinos (main street) hamilton on,60.09,Groceries,Oct,2020,29,Thursday,1.0,1.0,0.0,,48.0,10.3,1.8,8.5,6.1,1,69.15,1,2020-10-26,0,12.41,1,2020-10-23,3,6,60.09,0.0
110,2020-10-31,31-Oct,2-Nov,copper kettle cafe waterdown on,7.0,Restaurant,Oct,2020,31,Saturday,0.0,0.0,0.0,,35.0,7.0,-7.3,14.3,-0.2,0,60.09,1,2020-10-29,1,12.41,1,2020-10-23,2,8,0.0,7.0
111,2020-11-01,1-Nov,2-Nov,fortinos (main street) hamilton on,29.11,Groceries,Nov,2020,1,Sunday,6.2,6.2,0.0,0.0,68.0,10.5,-0.6,11.1,5.0,1,60.09,1,2020-10-29,0,7.0,1,2020-10-31,3,1,29.11,0.0
112,2020-11-03,3-Nov,4-Nov,fortinos hamilton on,34.63,Groceries,Nov,2020,3,Tuesday,0.0,0.0,0.0,,41.0,10.6,-0.4,11.0,5.1,1,29.11,1,2020-11-01,0,7.0,1,2020-10-31,2,3,34.63,0.0
113,2020-11-06,6-Nov,9-Nov,fortinos (waterdown 20 waterdown on,82.54,Groceries,Nov,2020,6,Friday,0.0,0.0,0.0,,39.0,19.9,7.8,12.099999999999998,13.9,1,34.63,1,2020-11-03,0,7.0,1,2020-10-31,3,6,82.54,0.0
114,2020-11-10,10-Nov,12-Nov,fortinos (waterdown 20 waterdown on,62.36,Groceries,Nov,2020,10,Tuesday,0.0,0.0,0.0,,37.0,23.7,10.9,12.799999999999999,17.3,1,82.54,1,2020-11-06,0,7.0,1,2020-10-31,4,10,62.36,0.0
115,2020-11-12,12-Nov,16-Nov,wal-mart supercenter#1107waterdown on,107.25,Shopping,Nov,2020,12,Thursday,0.0,0.0,0.0,,,9.3,-0.4,9.700000000000001,4.5,1,62.36,1,2020-11-10,0,7.0,1,2020-10-31,2,12,107.25,0.0
116,2020-11-17,17-Nov,18-Nov,fortinos (waterdown 20 waterdown on,93.55,Groceries,Nov,2020,17,Tuesday,0.0,0.0,0.0,,68.0,3.0,-4.1,7.1,-0.6,1,107.25,1,2020-11-12,0,7.0,1,2020-10-31,5,17,93.55,0.0
117,2020-11-20,20-Nov,20-Nov,doordash*bangkok spoon downtown toroon,37.29,Food - Take out,Nov,2020,20,Friday,0.0,0.0,0.0,,59.0,15.5,5.4,10.1,10.5,0,93.55,1,2020-11-17,1,7.0,1,2020-10-31,3,20,0.0,37.29
118,2020-11-21,21-Nov,23-Nov,fortinos (waterdown 20 waterdown on,32.74,Groceries,Nov,2020,21,Saturday,0.0,0.0,0.0,,33.0,5.8,-2.3,8.1,1.8,1,93.55,1,2020-11-17,0,37.29,1,2020-11-20,4,1,32.74,0.0
119,2020-11-24,24-Nov,25-Nov,copper kettle cafe waterdown on,11.0,Restaurant,Nov,2020,24,Tuesday,2.8,,,1.0,,0.8,-4.4,5.2,-1.8,0,32.74,1,2020-11-21,1,37.29,1,2020-11-20,3,4,0.0,11.0
120,2020-11-28,28-Nov,30-Nov,fortinos (waterdown 20 waterdown on,42.17,Groceries,Nov,2020,28,Saturday,0.0,,,,39.0,6.1,0.7,5.3999999999999995,3.4,1,32.74,1,2020-11-21,0,11.0,1,2020-11-24,7,4,42.17,0.0
121,2020-11-28,28-Nov,30-Nov,dyments farm dundas on,46.45,Groceries,Nov,2020,28,Saturday,0.0,,,,39.0,6.1,0.7,5.3999999999999995,3.4,1,32.74,1,2020-11-21,0,11.0,1,2020-11-24,7,4,46.45,0.0
122,2020-12-02,2-Dec,3-Dec,fortinos (waterdown 20 waterdown on,49.81,Groceries,Dec,2020,2,Wednesday,0.0,,,14.0,52.0,3.3,-2.1,5.4,0.6,1,88.62,2,2020-11-28,0,11.0,1,2020-11-24,4,8,49.81,0.0
123,2020-12-05,5-Dec,7-Dec,bombay spices hamilton hamilton on,41.83,Restaurant,Dec,2020,5,Saturday,0.0,,,1.0,32.0,1.0,-4.5,5.5,-1.8,0,49.81,1,2020-12-02,1,11.0,1,2020-11-24,3,11,0.0,41.83
124,2020-12-06,6-Dec,7-Dec,fortinos hamilton on,35.39,Groceries,Dec,2020,6,Sunday,0.0,,,0.0,,0.3,-6.9,7.2,-3.3,1,49.81,1,2020-12-02,0,41.83,1,2020-12-05,4,1,35.39,0.0
125,2020-12-12,12-Dec,14-Dec,doordash*pizza pizza downtown toroon,30.6,Food - Take out,Dec,2020,12,Saturday,10.6,10.6,0.0,0.0,58.0,10.4,3.4,7.0,6.9,0,35.39,1,2020-12-06,1,41.83,1,2020-12-05,6,7,0.0,30.6
126,2020-12-17,17-Dec,17-Dec,doordash*royal spice downtown toroon,34.33,Restaurant,Dec,2020,17,Thursday,1.6,0.0,1.4,2.0,52.0,-3.2,-6.9,3.7,-5.1,0,35.39,1,2020-12-06,1,30.6,1,2020-12-12,11,5,0.0,34.33
127,2020-12-19,19-Dec,22-Dec,wal-mart supercenter#1107waterdown on,138.68,Shopping-Walmart,Dec,2020,19,Saturday,1.4,0.0,1.4,2.0,35.0,1.8,-2.2,4.0,-0.2,1,35.39,1,2020-12-06,0,34.33,1,2020-12-17,13,2,138.68,0.0
128,2020-12-20,20-Dec,21-Dec,indian grocers burlington on,34.01,Groceries,Dec,2020,20,Sunday,0.4,0.4,0.0,1.0,42.0,3.9,-1.4,5.3,1.3,1,138.68,1,2020-12-19,0,34.33,1,2020-12-17,1,3,34.01,0.0
129,2020-12-20,20-Dec,21-Dec,fortinos (upper middle burlington on,37.39,Groceries,Dec,2020,20,Sunday,0.4,0.4,0.0,1.0,42.0,3.9,-1.4,5.3,1.3,1,138.68,1,2020-12-19,0,34.33,1,2020-12-17,1,3,37.39,0.0
130,2021-01-02,2-Jan,4-Jan,wal*mart canada inc mississauga on,39.63,,Jan,2021,2,Saturday,9.2,7.0,2.0,2.0,,0.6,-1.6,2.2,-0.5,1,71.4,2,2020-12-20,0,34.33,1,2020-12-17,13,16,39.63,0.0
131,2021-01-02,2-Jan,5-Jan,wal-mart supercenter#1107waterdown on,52.47,Shopping-Walmart,Jan,2021,2,Saturday,9.2,7.0,2.0,2.0,,0.6,-1.6,2.2,-0.5,1,71.4,2,2020-12-20,0,34.33,1,2020-12-17,13,16,52.47,0.0
132,2021-01-05,5-Jan,6-Jan,fortinos (waterdown 20 waterdown on,17.97,Groceries,Jan,2021,5,Tuesday,1.0,1.0,0.0,2.0,,,,,,1,92.1,2,2021-01-02,0,34.33,1,2020-12-17,3,19,17.97,0.0
133,2021-01-06,6-Jan,11-Jan,wal-mart supercenter#1107waterdown on,36.31,Shopping-Walmart,Jan,2021,6,Wednesday,0.0,0.0,0.0,1.0,33.0,2.1,-1.7,3.8,0.2,1,17.97,1,2021-01-05,0,34.33,1,2020-12-17,1,20,36.31,0.0
134,2021-01-13,13-Jan,15-Jan,indian grocers burlington on,101.8,Groceries,Jan,2021,13,Wednesday,0.0,0.0,0.0,0.0,48.0,2.2,-1.7,3.9000000000000004,0.3,1,36.31,1,2021-01-06,0,34.33,1,2020-12-17,7,27,101.8,0.0
135,2021-01-20,20-Jan,21-Jan,fortinos hamilton on,51.1,Groceries,Jan,2021,20,Wednesday,0.2,0.0,0.2,1.0,48.0,-2.9,-7.6,4.699999999999999,-5.3,1,101.8,1,2021-01-13,0,34.33,1,2020-12-17,7,34,51.1,0.0
136,2021-01-20,20-Jan,20-Jan,doordash*smokes poutin downtown toroon,25.69,Restaurant,Jan,2021,20,Wednesday,0.2,0.0,0.2,1.0,48.0,-2.9,-7.6,4.699999999999999,-5.3,0,101.8,1,2021-01-13,1,34.33,1,2020-12-17,7,34,0.0,25.69
137,2021-01-21,21-Jan,22-Jan,wal*mart canada inc mississauga on,39.87,,Jan,2021,21,Thursday,0.0,0.0,0.0,0.0,54.0,2.4,-2.7,5.1,-0.2,1,51.1,1,2021-01-20,0,25.69,1,2021-01-20,1,1,39.87,0.0
138,2021-01-22,22-Jan,25-Jan,indian grocers burlington on,27.12,Groceries,Jan,2021,22,Friday,0.0,0.0,0.0,0.0,55.0,0.9,-8.1,9.0,-3.6,1,39.87,1,2021-01-21,0,25.69,1,2021-01-20,1,2,27.12,0.0
139,2021-01-24,24-Jan,27-Jan,wal-mart supercenter#1107waterdown on,79.84,Shopping-Walmart,Jan,2021,24,Sunday,0.0,0.0,0.0,0.0,,-2.5,-7.4,4.9,-5.0,1,27.12,1,2021-01-22,0,25.69,1,2021-01-20,2,4,79.84,0.0
140,2021-01-26,26-Jan,28-Jan,wal*mart canada inc mississauga on,10.07,,Jan,2021,26,Tuesday,7.0,,7.4,0.0,59.0,-0.4,-6.3,5.8999999999999995,-3.4,1,79.84,1,2021-01-24,0,25.69,1,2021-01-20,2,6,10.07,0.0
141,2021-01-29,29-Jan,1-Feb,wal-mart supercenter#1107waterdown on,78.19,Shopping-Walmart,Jan,2021,29,Friday,0.0,0.0,0.0,3.0,54.0,-5.8,-14.3,8.5,-10.1,1,10.07,1,2021-01-26,0,25.69,1,2021-01-20,3,9,78.19,0.0
142,2021-01-31,31-Jan,2-Feb,pizza pizza # 160 dundas on,22.25,Restaurant,Jan,2021,31,Sunday,0.0,0.0,0.0,2.0,67.0,-3.0,-6.8,3.8,-4.9,0,78.19,1,2021-01-29,1,25.69,1,2021-01-20,2,11,0.0,22.25
143,2021-02-02,2-Feb,3-Feb,fortinos (waterdown 20 waterdown on,52.6,Groceries,Feb,2021,2,Tuesday,0.0,0.0,0.0,2.0,46.0,1.8,-9.9,11.700000000000001,-4.1,1,78.19,1,2021-01-29,0,22.25,1,2021-01-31,4,2,52.6,0.0
144,2021-02-04,4-Feb,8-Feb,wal-mart supercenter#1107waterdown on,61.88,Shopping-Walmart,Feb,2021,4,Thursday,7.0,0.0,6.2,1.0,39.0,0.6,-11.0,11.6,-5.2,1,52.6,1,2021-02-02,0,22.25,1,2021-01-31,2,4,61.88,0.0
145,2021-02-07,7-Feb,8-Feb,fortinos hamilton on,52.78,Groceries,Feb,2021,7,Sunday,0.4,0.0,0.4,6.0,45.0,-7.9,-18.1,10.200000000000001,-13.0,1,61.88,1,2021-02-04,0,22.25,1,2021-01-31,3,7,52.78,0.0
146,2021-02-10,10-Feb,11-Feb,doordash*royal spice downtown toroon,21.81,Restaurant,Feb,2021,10,Wednesday,0.0,0.0,0.0,10.0,,-7.5,-18.0,10.5,-12.8,0,52.78,1,2021-02-07,1,22.25,1,2021-01-31,3,10,0.0,21.81
147,2021-02-14,14-Feb,18-Feb,wal-mart supercenter#1107waterdown on,90.8,Shopping-Walmart,Feb,2021,14,Sunday,0.2,0.0,0.2,16.0,,-5.3,-15.8,10.5,-10.6,1,52.78,1,2021-02-07,0,21.81,1,2021-02-10,7,4,90.8,0.0
148,2021-02-14,14-Feb,18-Feb,wal-mart supercenter#1107waterdown on,5.0,Shopping-Walmart,Feb,2021,14,Sunday,0.2,0.0,0.2,16.0,,-5.3,-15.8,10.5,-10.6,1,52.78,1,2021-02-07,0,21.81,1,2021-02-10,7,4,5.0,0.0
149,2021-02-18,18-Feb,19-Feb,fortinos hamilton on,21.42,Groceries,Feb,2021,18,Thursday,1.2,0.0,1.0,26.0,41.0,-3.6,-9.0,5.4,-6.3,1,95.8,2,2021-02-14,0,21.81,1,2021-02-10,4,8,21.42,0.0
150,2021-02-19,19-Feb,22-Feb,wal-mart supercenter#1107waterdown on,65.65,Shopping-Walmart,Feb,2021,19,Friday,0.8,0.0,1.0,28.0,,-3.5,-8.7,5.199999999999999,-6.1,1,21.42,1,2021-02-18,0,21.81,1,2021-02-10,1,9,65.65,0.0
151,2021-02-19,19-Feb,22-Feb,copper kettle cafe waterdown on,9.9,Restaurant,Feb,2021,19,Friday,0.8,0.0,1.0,28.0,,-3.5,-8.7,5.199999999999999,-6.1,0,21.42,1,2021-02-18,1,21.81,1,2021-02-10,1,9,0.0,9.9
152,2021-02-21,21-Feb,22-Feb,fortinos hamilton on,26.96,Groceries,Feb,2021,21,Sunday,0.0,0.0,0.0,27.0,,-3.3,-16.4,13.099999999999998,-9.9,1,65.65,1,2021-02-19,0,9.9,1,2021-02-19,2,2,26.96,0.0
153,2021-02-23,23-Feb,24-Feb,fortinos hamilton on,20.32,Groceries,Feb,2021,23,Tuesday,0.8,0.0,0.8,24.0,45.0,3.9,-2.5,6.4,0.7,1,26.96,1,2021-02-21,0,9.9,1,2021-02-19,2,4,20.32,0.0
154,2021-02-23,23-Feb,24-Feb,fortinos hamilton on,46.69,Groceries,Feb,2021,23,Tuesday,0.8,0.0,0.8,24.0,45.0,3.9,-2.5,6.4,0.7,1,26.96,1,2021-02-21,0,9.9,1,2021-02-19,2,4,46.69,0.0
155,2021-02-26,26-Feb,1-Mar,indian grocers burlington on,53.31,Groceries,Feb,2021,26,Friday,0.0,0.0,0.0,4.0,,1.9,-8.0,9.9,-3.1,1,67.00999999999999,2,2021-02-23,0,9.9,1,2021-02-19,3,7,53.31,0.0
156,2021-02-27,27-Feb,1-Mar,the wingery - burlingt burlington on,10.16,Restaurant,Feb,2021,27,Saturday,6.8,6.8,0.0,4.0,50.0,3.8,-2.8,6.6,0.5,0,53.31,1,2021-02-26,1,9.9,1,2021-02-19,1,8,0.0,10.16
157,2021-02-27,27-Feb,1-Mar,fortinos hamilton on,44.76,Groceries,Feb,2021,27,Saturday,6.8,6.8,0.0,4.0,50.0,3.8,-2.8,6.6,0.5,1,53.31,1,2021-02-26,0,9.9,1,2021-02-19,1,8,44.76,0.0
158,2021-03-07,7-Mar,8-Mar,doordash*anjappar chet downtown toroon,23.04,Restaurant,Mar,2021,7,Sunday,0.0,0.0,0.0,0.0,,,,,,0,44.76,1,2021-02-27,1,10.16,1,2021-02-27,8,8,0.0,23.04
159,2021-03-07,7-Mar,9-Mar,rama grocers inc mississauga on,46.87,Groceries,Mar,2021,7,Sunday,0.0,0.0,0.0,0.0,,,,,,1,44.76,1,2021-02-27,0,10.16,1,2021-02-27,8,8,46.87,0.0
160,2021-03-11,11-Mar,15-Mar,wal*mart canada inc mississauga on,57.59,,Mar,2021,11,Thursday,0.0,0.0,0.0,0.0,85.0,18.2,4.2,14.0,11.2,1,46.87,1,2021-03-07,0,23.04,1,2021-03-07,4,4,57.59,0.0
161,2021-04-24,24-Apr,,dyments farm dundas on,28.97,Groceries,Apr,2021,24,Saturday,0.0,0.0,0.0,,33.0,17.4,2.7,14.7,10.1,1,57.59,1,2021-03-11,0,23.04,1,2021-03-07,44,48,28.97,0.0
162,2021-04-24,24-Apr,,wal-mart #1107 waterdown on,26.42,Groceries,Apr,2021,24,Saturday,0.0,0.0,0.0,,33.0,17.4,2.7,14.7,10.1,1,57.59,1,2021-03-11,0,23.04,1,2021-03-07,44,48,26.42,0.0
163,2021-04-24,24-Apr,,dyments farm dundas on,9.99,Groceries,Apr,2021,24,Saturday,0.0,0.0,0.0,,33.0,17.4,2.7,14.7,10.1,1,57.59,1,2021-03-11,0,23.04,1,2021-03-07,44,48,9.99,0.0
164,2021-04-25,25-Apr,,fortinos hamilton on,11.98,Groceries,Apr,2021,25,Sunday,0.8,0.8,0.0,,48.0,10.7,-0.7,11.399999999999999,5.0,1,65.38,3,2021-04-24,0,23.04,1,2021-03-07,1,49,11.98,0.0
165,2021-04-25,25-Apr,,fortinos hamilton on,67.02,Groceries,Apr,2021,25,Sunday,0.8,0.8,0.0,,48.0,10.7,-0.7,11.399999999999999,5.0,1,65.38,3,2021-04-24,0,23.04,1,2021-03-07,1,49,67.02,0.0
166,2021-04-28,28-Apr,,fortinos hamilton on,9.7,Groceries,Apr,2021,28,Wednesday,0.0,0.0,0.0,,36.0,24.1,6.0,18.1,15.1,1,79.0,2,2021-04-25,0,23.04,1,2021-03-07,3,52,9.7,0.0
167,2021-04-28,28-Apr,,fortinos hamilton on,21.15,Groceries,Apr,2021,28,Wednesday,0.0,0.0,0.0,,36.0,24.1,6.0,18.1,15.1,1,79.0,2,2021-04-25,0,23.04,1,2021-03-07,3,52,21.15,0.0
168,2021-05-04,4-May,,fortinos (waterdown 20 waterdown,62.22,Groceries,May,2021,4,Tuesday,1.0,1.0,0.0,,37.0,12.8,5.9,6.9,9.4,1,30.849999999999998,2,2021-04-28,0,23.04,1,2021-03-07,6,58,62.22,0.0
169,2021-05-05,5-May,,wal*mart canada inc mississauga ,56.94,Other,May,2021,5,Wednesday,0.0,0.0,0.0,,44.0,12.5,2.7,9.8,7.6,1,62.22,1,2021-05-04,0,23.04,1,2021-03-07,1,59,56.94,0.0
170,2021-05-07,7-May,,joya sushi hamilton on,34.71,Restaurant,May,2021,7,Friday,0.0,0.0,0.0,,,10.6,2.2,8.399999999999999,6.4,0,56.94,1,2021-05-05,1,23.04,1,2021-03-07,2,61,0.0,34.71
171,2021-05-08,8-May,,tim hortons #38 dundas on,2.71,Restaurant,May,2021,8,Saturday,2.2,2.2,0.0,,48.0,,,,,0,56.94,1,2021-05-05,1,34.71,1,2021-05-07,3,1,0.0,2.71
172,2021-05-09,9-May,,fortinos hamilton on,66.22,Groceries,May,2021,9,Sunday,0.0,0.0,0.0,,,11.5,-0.3,11.8,5.6,1,56.94,1,2021-05-05,0,2.71,1,2021-05-08,4,1,66.22,0.0
173,2021-05-12,12-May,,fortinos hamilton on,22.23,Groceries,May,2021,12,Wednesday,0.0,0.0,0.0,,36.0,18.3,1.2,17.1,9.8,1,66.22,1,2021-05-09,0,2.71,1,2021-05-08,3,4,22.23,0.0
174,2021-05-14,14-May,,fortinos (waterdown 20 waterdown,47.64,Groceries,May,2021,14,Friday,0.0,0.0,0.0,,40.0,21.1,2.9,18.200000000000003,12.0,1,22.23,1,2021-05-12,0,2.71,1,2021-05-08,2,6,47.64,0.0
175,2021-05-17,17-May,,fortinos hamilton on,56.58,Groceries,May,2021,17,Monday,0.0,0.0,0.0,,,23.5,5.5,18.0,14.5,1,47.64,1,2021-05-14,0,2.71,1,2021-05-08,3,9,56.58,0.0
176,2021-05-18,18-May,,tim hortons #38 dundas on,1.62,Restaurant,May,2021,18,Tuesday,0.0,0.0,0.0,,32.0,26.0,6.5,19.5,16.3,0,56.58,1,2021-05-17,1,2.71,1,2021-05-08,1,10,0.0,1.62
177,2021-05-20,20-May,,wal-mart #1107 waterdown on,55.64,Groceries,May,2021,20,Thursday,0.0,0.0,0.0,,,30.2,15.5,14.7,22.9,1,56.58,1,2021-05-17,0,1.62,1,2021-05-18,3,2,55.64,0.0
178,2021-05-21,21-May,,bombay spices hamilton hamilton ,61.0,Groceries,May,2021,21,Friday,0.0,0.0,0.0,,47.0,30.1,14.8,15.3,22.5,1,55.64,1,2021-05-20,0,1.62,1,2021-05-18,1,3,61.0,0.0
179,2021-05-22,22-May,,royal spice hamilton on,31.33,Restaurant,May,2021,22,Saturday,0.0,0.0,0.0,,46.0,25.1,15.3,9.8,20.2,0,61.0,1,2021-05-21,1,1.62,1,2021-05-18,1,4,0.0,31.33
180,2021-05-22,22-May,,baskin robbins - # 335 hamilton ,10.15,Restaurant,May,2021,22,Saturday,0.0,0.0,0.0,,46.0,25.1,15.3,9.8,20.2,0,61.0,1,2021-05-21,1,1.62,1,2021-05-18,1,4,0.0,10.15
181,2021-05-22,22-May,,wal-mart #1107 waterdown on,375.0,Groceries,May,2021,22,Saturday,0.0,0.0,0.0,,46.0,25.1,15.3,9.8,20.2,1,61.0,1,2021-05-21,0,1.62,1,2021-05-18,1,4,375.0,0.0
182,2021-05-22,22-May,,wal-mart #1107 waterdown on,14.95,Groceries,May,2021,22,Saturday,0.0,0.0,0.0,,46.0,25.1,15.3,9.8,20.2,1,61.0,1,2021-05-21,0,1.62,1,2021-05-18,1,4,14.95,0.0
183,2021-05-23,23-May,,fortinos hamilton on,26.44,Groceries,May,2021,23,Sunday,0.0,0.0,0.0,,33.0,26.5,12.9,13.6,19.7,1,389.95,2,2021-05-22,0,41.48,2,2021-05-22,1,1,26.44,0.0
184,2021-05-26,26-May,,fortinos hamilton on,60.81,Groceries,May,2021,26,Wednesday,4.6,4.6,0.0,,49.0,23.6,8.2,15.400000000000002,15.9,1,26.44,1,2021-05-23,0,41.48,2,2021-05-22,3,4,60.81,0.0
185,2021-05-29,29-May,,dundas fruits & vegeta mississau,67.0,Groceries,May,2021,29,Saturday,0.0,0.0,0.0,,56.0,14.9,4.1,10.8,9.5,1,60.81,1,2021-05-26,0,41.48,2,2021-05-22,3,7,67.0,0.0
186,2021-05-29,29-May,,tim hortons #2290 mississauga on,1.88,Restaurant,May,2021,29,Saturday,0.0,0.0,0.0,,56.0,14.9,4.1,10.8,9.5,0,60.81,1,2021-05-26,1,41.48,2,2021-05-22,3,7,0.0,1.88
187,2021-05-29,29-May,,guru lukshmi mississauga ab,50.03,Restaurant,May,2021,29,Saturday,0.0,0.0,0.0,,56.0,14.9,4.1,10.8,9.5,0,60.81,1,2021-05-26,1,41.48,2,2021-05-22,3,7,0.0,50.03
188,2021-05-30,30-May,,fortinos hamilton on,42.21,Groceries,May,2021,30,Sunday,0.0,0.0,0.0,,35.0,17.9,4.3,13.599999999999998,11.1,1,67.0,1,2021-05-29,0,51.910000000000004,2,2021-05-29,1,1,42.21,0.0
189,2021-05-31,31-May,,pizza nova 340 hamilton on,23.28,Restaurant,May,2021,31,Monday,0.0,0.0,0.0,,35.0,22.2,3.2,19.0,12.7,0,42.21,1,2021-05-30,1,51.910000000000004,2,2021-05-29,1,2,0.0,23.28
190,2021-06-01,1-Jun,,wal-mart #1107 waterdown on,26.26,Groceries,Jun,2021,1,Tuesday,0.0,0.0,0.0,,35.0,23.8,10.5,13.3,17.2,1,42.21,1,2021-05-30,0,23.28,1,2021-05-31,2,1,26.26,0.0
191,2021-06-02,2-Jun,,fortinos hamilton on,36.33,Groceries,Jun,2021,2,Wednesday,8.0,8.0,0.0,,31.0,24.9,9.2,15.7,17.1,1,26.26,1,2021-06-01,0,23.28,1,2021-05-31,1,2,36.33,0.0
192,2021-06-05,5-Jun,,metro #102 dundas on,43.81,Groceries,Jun,2021,5,Saturday,0.0,0.0,0.0,,52.0,30.0,15.7,14.3,22.9,1,36.33,1,2021-06-02,0,23.28,1,2021-05-31,3,5,43.81,0.0
193,2021-06-05,5-Jun,,cash & carry #254 brantford on,49.56,Groceries,Jun,2021,5,Saturday,0.0,0.0,0.0,,52.0,30.0,15.7,14.3,22.9,1,36.33,1,2021-06-02,0,23.28,1,2021-05-31,3,5,49.56,0.0
194,2021-06-08,8-Jun,,wal-mart #1107 waterdown on,83.08,Groceries,Jun,2021,8,Tuesday,2.0,2.0,0.0,,39.0,28.1,19.8,8.3,24.0,1,93.37,2,2021-06-05,0,23.28,1,2021-05-31,3,8,83.08,0.0
195,2021-06-10,10-Jun,,royal spice hamilton on,37.0,Restaurant,Jun,2021,10,Thursday,0.0,0.0,0.0,,45.0,22.0,15.0,7.0,18.5,0,83.08,1,2021-06-08,1,23.28,1,2021-05-31,2,10,0.0,37.0
196,2021-06-13,13-Jun,,tim hortons #38 dundas on,9.14,Restaurant,Jun,2021,13,Sunday,0.0,0.0,0.0,,39.0,28.3,14.3,14.0,21.3,0,83.08,1,2021-06-08,1,37.0,1,2021-06-10,5,3,0.0,9.14
197,2021-06-13,13-Jun,,koho food services ltd cambridge,11.57,Restaurant,Jun,2021,13,Sunday,0.0,0.0,0.0,,39.0,28.3,14.3,14.0,21.3,0,83.08,1,2021-06-08,1,37.0,1,2021-06-10,5,3,0.0,11.57
198,2021-06-13,13-Jun,,safari outfitters inc. cambridge,35.01,Restaurant,Jun,2021,13,Sunday,0.0,0.0,0.0,,39.0,28.3,14.3,14.0,21.3,0,83.08,1,2021-06-08,1,37.0,1,2021-06-10,5,3,0.0,35.01
199,2021-06-14,14-Jun,,wal-mart #1107 waterdown on,75.51,Groceries,Jun,2021,14,Monday,7.8,7.8,0.0,,46.0,23.7,13.3,10.399999999999999,18.5,1,83.08,1,2021-06-08,0,55.72,3,2021-06-13,6,1,75.51,0.0
200,2021-06-16,16-Jun,,popeyes 13248 hamilton on,11.7,Restaurant,Jun,2021,16,Wednesday,0.0,0.0,0.0,,40.0,21.4,6.5,14.899999999999999,14.0,0,75.51,1,2021-06-14,1,55.72,3,2021-06-13,2,3,0.0,11.7
201,2021-06-16,16-Jun,,wal-mart #1107 waterdown on,103.03,Groceries,Jun,2021,16,Wednesday,0.0,0.0,0.0,,40.0,21.4,6.5,14.899999999999999,14.0,1,75.51,1,2021-06-14,0,55.72,3,2021-06-13,2,3,103.03,0.0
202,2021-06-18,18-Jun,,indian grocers burlington on,83.99,Groceries,Jun,2021,18,Friday,5.4,5.4,0.0,,61.0,25.3,14.9,10.4,20.1,1,103.03,1,2021-06-16,0,11.7,1,2021-06-16,2,2,83.99,0.0
203,2021-06-19,19-Jun,,fortinos hamilton on,11.71,Groceries,Jun,2021,19,Saturday,1.0,1.0,0.0,,46.0,29.0,14.7,14.3,21.9,1,83.99,1,2021-06-18,0,11.7,1,2021-06-16,1,3,11.71,0.0
204,2021-06-19,19-Jun,,table rock house resta niagara f,74.73,Restaurant,Jun,2021,19,Saturday,1.0,1.0,0.0,,46.0,29.0,14.7,14.3,21.9,0,83.99,1,2021-06-18,1,11.7,1,2021-06-16,1,3,0.0,74.73
205,2021-06-22,22-Jun,,fortino's (plains road burlingto,19.94,Groceries,Jun,2021,22,Tuesday,0.0,0.0,0.0,,37.0,18.5,7.2,11.3,12.9,1,11.71,1,2021-06-19,0,74.73,1,2021-06-19,3,3,19.94,0.0
206,2021-06-25,25-Jun,,fortinos hamilton on,68.25,Groceries,Jun,2021,25,Friday,15.6,15.6,0.0,,48.0,25.9,18.7,7.199999999999999,22.3,1,19.94,1,2021-06-22,0,74.73,1,2021-06-19,3,6,68.25,0.0
207,2021-06-26,26-Jun,,the everest grill brantford on,38.96,Restaurant,Jun,2021,26,Saturday,25.4,25.4,0.0,,63.0,27.9,19.6,8.299999999999997,23.8,0,68.25,1,2021-06-25,1,74.73,1,2021-06-19,1,7,0.0,38.96
208,2021-06-26,26-Jun,,tim hortons #38 dundas on,2.93,Restaurant,Jun,2021,26,Saturday,25.4,25.4,0.0,,63.0,27.9,19.6,8.299999999999997,23.8,0,68.25,1,2021-06-25,1,74.73,1,2021-06-19,1,7,0.0,2.93
209,2021-06-30,30-Jun,,wal-mart #1107 waterdown on,24.66,Groceries,Jun,2021,30,Wednesday,2.6,2.6,0.0,,39.0,26.7,17.2,9.5,22.0,1,68.25,1,2021-06-25,0,41.89,2,2021-06-26,5,4,24.66,0.0
210,2021-07-03,3-Jul,,fortinos (waterdown 20 waterdown,74.98,Groceries,Jul,2021,3,Saturday,0.0,0.0,0.0,,31.0,24.9,11.0,13.899999999999999,18.0,1,24.66,1,2021-06-30,0,41.89,2,2021-06-26,3,7,74.98,0.0
211,2021-07-03,3-Jul,,i heart boba dundas on,5.7,Restaurant,Jul,2021,3,Saturday,0.0,0.0,0.0,,31.0,24.9,11.0,13.899999999999999,18.0,0,24.66,1,2021-06-30,1,41.89,2,2021-06-26,3,7,0.0,5.7
212,2021-07-03,3-Jul,,pho nam thanh - viet-t dundas on,34.73,Restaurant,Jul,2021,3,Saturday,0.0,0.0,0.0,,31.0,24.9,11.0,13.899999999999999,18.0,0,24.66,1,2021-06-30,1,41.89,2,2021-06-26,3,7,0.0,34.73
213,2021-07-03,3-Jul,,sq *gallo ice cream re burlingto,4.95,Restaurant,Jul,2021,3,Saturday,0.0,0.0,0.0,,31.0,24.9,11.0,13.899999999999999,18.0,0,24.66,1,2021-06-30,1,41.89,2,2021-06-26,3,7,0.0,4.95
214,2021-07-04,4-Jul,,kernels burlington on,8.46,Restaurant,Jul,2021,4,Sunday,0.0,0.0,0.0,,,23.4,12.9,10.499999999999998,18.2,0,74.98,1,2021-07-03,1,45.38,3,2021-07-03,1,1,0.0,8.46
215,2021-07-05,5-Jul,,fortinos hamilton on,20.96,Groceries,Jul,2021,5,Monday,2.2,2.2,0.0,,45.0,30.1,15.8,14.3,23.0,1,74.98,1,2021-07-03,0,8.46,1,2021-07-04,2,1,20.96,0.0
216,2021-07-08,8-Jul,,wal-mart #1107 waterdown on,74.74,Groceries,Jul,2021,8,Thursday,20.4,20.4,0.0,,32.0,20.6,14.9,5.700000000000001,17.8,1,20.96,1,2021-07-05,0,8.46,1,2021-07-04,3,4,74.74,0.0
217,2021-07-08,8-Jul,,pizzaville 126 waterdown on,25.97,Restaurant,Jul,2021,8,Thursday,20.4,20.4,0.0,,32.0,20.6,14.9,5.700000000000001,17.8,0,20.96,1,2021-07-05,1,8.46,1,2021-07-04,3,4,0.0,25.97
218,2021-07-10,10-Jul,,tim hortons #38 dundas on,7.89,Restaurant,Jul,2021,10,Saturday,0.0,0.0,0.0,,,23.6,15.3,8.3,19.5,0,74.74,1,2021-07-08,1,25.97,1,2021-07-08,2,2,0.0,7.89
219,2021-07-11,11-Jul,,fortinos hamilton on,68.99,Groceries,Jul,2021,11,Sunday,4.6,4.6,0.0,,36.0,18.8,15.5,3.3000000000000007,17.2,1,74.74,1,2021-07-08,0,7.89,1,2021-07-10,3,1,68.99,0.0
220,2021-07-14,14-Jul,,fortinos hamilton on,88.29,Groceries,Jul,2021,14,Wednesday,0.0,0.0,0.0,,,28.5,18.5,10.0,23.5,1,68.99,1,2021-07-11,0,7.89,1,2021-07-10,3,4,88.29,0.0
221,2021-07-16,16-Jul,,fortinos hamilton on,33.98,Groceries,Jul,2021,16,Friday,0.3,0.3,0.0,,,22.6,16.7,5.900000000000002,19.7,1,88.29,1,2021-07-14,0,7.89,1,2021-07-10,2,6,33.98,0.0
222,2021-07-18,18-Jul,,popeyes 13248 hamilton on,12.42,Restaurant,Jul,2021,18,Sunday,0.0,0.0,0.0,,,28.7,14.0,14.7,21.4,0,33.98,1,2021-07-16,1,7.89,1,2021-07-10,2,8,0.0,12.42
223,2021-07-18,18-Jul,,wal-mart #1107 waterdown on,24.9,Groceries,Jul,2021,18,Sunday,0.0,0.0,0.0,,,28.7,14.0,14.7,21.4,1,33.98,1,2021-07-16,0,7.89,1,2021-07-10,2,8,24.9,0.0
224,2021-07-23,23-Jul,,fortinos hamilton on,70.1,Groceries,Jul,2021,23,Friday,0.0,0.0,0.0,,,25.9,12.6,13.299999999999999,19.3,1,24.9,1,2021-07-18,0,12.42,1,2021-07-18,5,5,70.1,0.0
225,2021-07-24,24-Jul,,om india food centre brampton on,86.97,Groceries,Jul,2021,24,Saturday,9.6,9.6,0.0,,45.0,23.3,13.6,9.700000000000001,18.5,1,70.1,1,2021-07-23,0,12.42,1,2021-07-18,1,6,86.97,0.0
226,2021-07-24,24-Jul,,baskin robbins #35733 brampton o,9.7,Restaurant,Jul,2021,24,Saturday,9.6,9.6,0.0,,45.0,23.3,13.6,9.700000000000001,18.5,0,70.1,1,2021-07-23,1,12.42,1,2021-07-18,1,6,0.0,9.7
227,2021-07-24,24-Jul,,fresh fruit juice & bu brampton ,6.77,Restaurant,Jul,2021,24,Saturday,9.6,9.6,0.0,,45.0,23.3,13.6,9.700000000000001,18.5,0,70.1,1,2021-07-23,1,12.42,1,2021-07-18,1,6,0.0,6.77
228,2021-07-24,24-Jul,,anjappar chettinad res mississau,48.86,Restaurant,Jul,2021,24,Saturday,9.6,9.6,0.0,,45.0,23.3,13.6,9.700000000000001,18.5,0,70.1,1,2021-07-23,1,12.42,1,2021-07-18,1,6,0.0,48.86
229,2021-07-27,27-Jul,,wal-mart #1107 waterdown on,87.94,Groceries,Jul,2021,27,Tuesday,6.0,6.0,0.0,,34.0,25.7,14.5,11.2,20.1,1,86.97,1,2021-07-24,0,65.33,3,2021-07-24,3,3,87.94,0.0
230,2021-07-30,30-Jul,,fortinos hamilton on,43.24,Groceries,Jul,2021,30,Friday,0.0,0.0,0.0,,39.0,22.1,10.2,11.900000000000002,16.2,1,87.94,1,2021-07-27,0,65.33,3,2021-07-24,3,6,43.24,0.0
231,2021-07-31,31-Jul,,fortinos hamilton on,16.14,Groceries,Jul,2021,31,Saturday,0.0,0.0,0.0,,,22.3,8.0,14.3,15.2,1,43.24,1,2021-07-30,0,65.33,3,2021-07-24,1,7,16.14,0.0
232,2021-07-31,31-Jul,,tim hortons #0390 kitchener on,5.18,Restaurant,Jul,2021,31,Saturday,0.0,0.0,0.0,,,22.3,8.0,14.3,15.2,0,43.24,1,2021-07-30,1,65.33,3,2021-07-24,1,7,0.0,5.18
233,2021-08-02,2-Aug,,szechuan express toronto on,14.63,Restaurant,Aug,2021,2,Monday,0.0,0.0,0.0,,,24.3,11.5,12.8,17.9,0,16.14,1,2021-07-31,1,5.18,1,2021-07-31,2,2,0.0,14.63
234,2021-08-04,4-Aug,,fortinos hamilton on,41.51,Groceries,Aug,2021,4,Wednesday,0.0,0.0,0.0,,,27.7,11.7,16.0,19.7,1,16.14,1,2021-07-31,0,14.63,1,2021-08-02,4,2,41.51,0.0
235,2021-08-06,6-Aug,,matha roti toronto on,37.85,Restaurant,Aug,2021,6,Friday,0.0,0.0,0.0,,39.0,28.6,14.2,14.400000000000002,21.4,0,41.51,1,2021-08-04,1,14.63,1,2021-08-02,2,4,0.0,37.85
236,2021-08-06,6-Aug,,tim hortons #38 dundas on,4.83,Restaurant,Aug,2021,6,Friday,0.0,0.0,0.0,,39.0,28.6,14.2,14.400000000000002,21.4,0,41.51,1,2021-08-04,1,14.63,1,2021-08-02,2,4,0.0,4.83
237,2021-08-09,9-Aug,,yukiguni izakaya hamilton on,26.11,Restaurant,Aug,2021,9,Monday,0.0,0.0,0.0,,36.0,30.4,20.8,9.599999999999998,25.6,0,41.51,1,2021-08-04,1,42.68,2,2021-08-06,5,3,0.0,26.11
238,2021-08-09,9-Aug,,fortinos hamilton on,22.87,Groceries,Aug,2021,9,Monday,0.0,0.0,0.0,,36.0,30.4,20.8,9.599999999999998,25.6,1,41.51,1,2021-08-04,0,42.68,2,2021-08-06,5,3,22.87,0.0
239,2021-08-11,11-Aug,,tim hortons #38 dundas on,2.93,Restaurant,Aug,2021,11,Wednesday,4.2,4.2,0.0,,47.0,29.3,20.3,9.0,24.8,0,22.87,1,2021-08-09,1,26.11,1,2021-08-09,2,2,0.0,2.93
240,2021-08-12,12-Aug,,metro #102 dundas on,35.25,Groceries,Aug,2021,12,Thursday,2.6,2.6,0.0,,47.0,28.3,20.4,7.900000000000002,24.4,1,22.87,1,2021-08-09,0,2.93,1,2021-08-11,3,1,35.25,0.0
241,2021-08-13,13-Aug,,umi sushi express hamilton on,13.55,Restaurant,Aug,2021,13,Friday,17.5,17.5,0.0,,39.0,28.0,18.4,9.600000000000001,23.2,0,35.25,1,2021-08-12,1,2.93,1,2021-08-11,1,2,0.0,13.55
242,2021-08-13,13-Aug,,arby's limeridge mall hamilton o,6.2,Restaurant,Aug,2021,13,Friday,17.5,17.5,0.0,,39.0,28.0,18.4,9.600000000000001,23.2,0,35.25,1,2021-08-12,1,2.93,1,2021-08-11,1,2,0.0,6.2
243,2021-08-15,15-Aug,,tim hortons #1351 niagara falls ,2.93,Restaurant,Aug,2021,15,Sunday,0.0,0.0,0.0,,,22.5,10.1,12.4,16.3,0,35.25,1,2021-08-12,1,19.75,2,2021-08-13,3,2,0.0,2.93
244,2021-08-15,15-Aug,,table rock complex - q niagara f,5.65,Restaurant,Aug,2021,15,Sunday,0.0,0.0,0.0,,,22.5,10.1,12.4,16.3,0,35.25,1,2021-08-12,1,19.75,2,2021-08-13,3,2,0.0,5.65
245,2021-08-17,17-Aug,,metro #102 dundas on,54.8,Groceries,Aug,2021,17,Tuesday,5.0,5.0,0.0,,33.0,26.6,18.7,7.900000000000002,22.7,1,35.25,1,2021-08-12,0,8.58,2,2021-08-15,5,2,54.8,0.0
246,2021-08-19,19-Aug,,wal-mart #1107 waterdown on,22.04,Groceries,Aug,2021,19,Thursday,0.0,0.0,0.0,,,29.2,17.3,11.899999999999999,23.3,1,54.8,1,2021-08-17,0,8.58,2,2021-08-15,2,4,22.04,0.0
247,2021-08-19,19-Aug,,pizzaville 126 waterdown on,28.1,Restaurant,Aug,2021,19,Thursday,0.0,0.0,0.0,,,29.2,17.3,11.899999999999999,23.3,0,54.8,1,2021-08-17,1,8.58,2,2021-08-15,2,4,0.0,28.1
248,2021-08-21,21-Aug,,kernels burlington on,8.46,Restaurant,Aug,2021,21,Saturday,0.2,0.2,0.0,,,30.6,18.8,11.8,24.7,0,22.04,1,2021-08-19,1,28.1,1,2021-08-19,2,2,0.0,8.46
249,2021-08-21,21-Aug,,indian grocers burlington on,70.0,Groceries,Aug,2021,21,Saturday,0.2,0.2,0.0,,,30.6,18.8,11.8,24.7,1,22.04,1,2021-08-19,0,28.1,1,2021-08-19,2,2,70.0,0.0
250,2021-08-22,22-Aug,,wal-mart # 3096 hamilton on,29.57,Groceries,Aug,2021,22,Sunday,0.0,0.0,0.0,,,30.6,18.3,12.3,24.5,1,70.0,1,2021-08-21,0,8.46,1,2021-08-21,1,1,29.57,0.0
251,2021-08-22,22-Aug,,tim hortons #3686 hamilton on,2.93,Restaurant,Aug,2021,22,Sunday,0.0,0.0,0.0,,,30.6,18.3,12.3,24.5,0,70.0,1,2021-08-21,1,8.46,1,2021-08-21,1,1,0.0,2.93
252,2021-08-24,24-Aug,,fortinos hamilton on,24.16,Groceries,Aug,2021,24,Tuesday,0.0,0.0,0.0,,,30.4,16.0,14.399999999999999,23.2,1,29.57,1,2021-08-22,0,2.93,1,2021-08-22,2,2,24.16,0.0
253,2021-08-26,26-Aug,,fortinos hamilton on,39.9,Groceries,Aug,2021,26,Thursday,6.0,6.0,0.0,,60.0,31.2,18.7,12.5,25.0,1,24.16,1,2021-08-24,0,2.93,1,2021-08-22,2,4,39.9,0.0
254,2021-08-27,27-Aug,,fortinos (waterdown 20 waterdown,20.56,Groceries,Aug,2021,27,Friday,0.0,0.0,0.0,,46.0,24.5,18.5,6.0,21.5,1,39.9,1,2021-08-26,0,2.93,1,2021-08-22,1,5,20.56,0.0
255,2021-08-27,27-Aug,,copper kettle cafe waterdown on,11.0,Restaurant,Aug,2021,27,Friday,0.0,0.0,0.0,,46.0,24.5,18.5,6.0,21.5,0,39.9,1,2021-08-26,1,2.93,1,2021-08-22,1,5,0.0,11.0
256,2021-08-28,28-Aug,,joya sushi hamilton on,61.27,Restaurant,Aug,2021,28,Saturday,0.0,0.0,0.0,,34.0,28.9,18.0,10.899999999999999,23.5,0,20.56,1,2021-08-27,1,11.0,1,2021-08-27,1,1,0.0,61.27
257,2021-08-29,29-Aug,,dyments farm dundas on,8.0,Groceries,Aug,2021,29,Sunday,11.0,11.0,0.0,,44.0,31.3,19.9,11.400000000000002,25.6,1,20.56,1,2021-08-27,0,61.27,1,2021-08-28,2,1,8.0,0.0
258,2021-08-31,31-Aug,,fortinos hamilton on,54.18,Groceries,Aug,2021,31,Tuesday,0.0,0.0,0.0,,31.0,25.4,14.9,10.499999999999998,20.2,1,8.0,1,2021-08-29,0,61.27,1,2021-08-28,2,3,54.18,0.0
259,2021-09-04,4-Sep,,longo's # 3 burlington on,66.55,Groceries,Sep,2021,4,Saturday,3.2,3.2,0.0,,31.0,25.0,11.5,13.5,18.3,1,54.18,1,2021-08-31,0,61.27,1,2021-08-28,4,7,66.55,0.0
260,2021-09-05,5-Sep,,ruby tuesdays niagara falls on,57.14,Restaurant,Sep,2021,5,Sunday,3.0,3.0,0.0,,36.0,24.9,13.7,11.2,19.3,0,66.55,1,2021-09-04,1,61.27,1,2021-08-28,1,8,0.0,57.14
261,2021-09-05,5-Sep,,tim hortons #8478 niagara falls ,1.88,Restaurant,Sep,2021,5,Sunday,3.0,3.0,0.0,,36.0,24.9,13.7,11.2,19.3,0,66.55,1,2021-09-04,1,61.27,1,2021-08-28,1,8,0.0,1.88
262,2021-09-08,8-Sep,,fortinos hamilton on,88.13,Groceries,Sep,2021,8,Wednesday,19.2,19.2,0.0,,42.0,25.5,12.8,12.7,19.2,1,66.55,1,2021-09-04,0,59.02,2,2021-09-05,4,3,88.13,0.0
263,2021-09-11,11-Sep,,swadesh supermarket stoney creek,80.99,Groceries,Sep,2021,11,Saturday,0.0,0.0,0.0,,58.0,25.0,10.8,14.2,17.9,1,88.13,1,2021-09-08,0,59.02,2,2021-09-05,3,6,80.99,0.0
264,2021-09-11,11-Sep,,prince of india burlington on,56.64,Restaurant,Sep,2021,11,Saturday,0.0,0.0,0.0,,58.0,25.0,10.8,14.2,17.9,0,88.13,1,2021-09-08,1,59.02,2,2021-09-05,3,6,0.0,56.64
265,2021-09-13,13-Sep,,wal-mart #1107 waterdown on,64.79,Groceries,Sep,2021,13,Monday,26.2,26.2,0.0,,,22.0,11.2,10.8,16.6,1,80.99,1,2021-09-11,0,56.64,1,2021-09-11,2,2,64.79,0.0
266,2021-09-13,13-Sep,,tim hortons #0200 dundas on,2.93,Restaurant,Sep,2021,13,Monday,26.2,26.2,0.0,,,22.0,11.2,10.8,16.6,0,80.99,1,2021-09-11,1,56.64,1,2021-09-11,2,2,0.0,2.93
267,2021-09-14,14-Sep,,fortinos (waterdown 20 waterdown,32.73,Groceries,Sep,2021,14,Tuesday,6.4,6.4,0.0,,52.0,27.5,14.6,12.9,21.1,1,64.79,1,2021-09-13,0,2.93,1,2021-09-13,1,1,32.73,0.0
268,2021-09-17,17-Sep,,fortinos hamilton on,84.84,Groceries,Sep,2021,17,Friday,0.0,0.0,0.0,,,27.1,13.3,13.8,20.2,1,32.73,1,2021-09-14,0,2.93,1,2021-09-13,3,4,84.84,0.0
269,2021-09-21,21-Sep,,wal-mart #1107 waterdown on,109.2,Groceries,Sep,2021,21,Tuesday,3.2,3.2,0.0,,61.0,,,,,1,84.84,1,2021-09-17,0,2.93,1,2021-09-13,4,8,109.2,0.0
270,2021-09-23,23-Sep,,fortinos hamilton on,78.56,Groceries,Sep,2021,23,Thursday,6.0,6.0,0.0,,48.0,17.2,11.5,5.699999999999999,14.4,1,109.2,1,2021-09-21,0,2.93,1,2021-09-13,2,10,78.56,0.0
271,2021-09-25,25-Sep,,the danish pastry hous burlingto,8.22,Groceries,Sep,2021,25,Saturday,1.6,1.6,0.0,,45.0,19.9,7.9,11.999999999999998,13.9,1,78.56,1,2021-09-23,0,2.93,1,2021-09-13,2,12,8.22,0.0
272,2021-09-25,25-Sep,,ruby thai burlington on,15.81,Restaurant,Sep,2021,25,Saturday,1.6,1.6,0.0,,45.0,19.9,7.9,11.999999999999998,13.9,0,78.56,1,2021-09-23,1,2.93,1,2021-09-13,2,12,0.0,15.81
273,2021-09-25,25-Sep,,kfc mapleview centre burlington ,10.72,Restaurant,Sep,2021,25,Saturday,1.6,1.6,0.0,,45.0,19.9,7.9,11.999999999999998,13.9,0,78.56,1,2021-09-23,1,2.93,1,2021-09-13,2,12,0.0,10.72
274,2021-09-27,27-Sep,,fortinos hamilton on,59.59,Groceries,Sep,2021,27,Monday,0.8,0.8,0.0,,50.0,23.9,13.9,9.999999999999998,18.9,1,8.22,1,2021-09-25,0,26.53,2,2021-09-25,2,2,59.59,0.0
275,2021-09-29,29-Sep,,metro #102 dundas on,26.34,Groceries,Sep,2021,29,Wednesday,0.0,0.0,0.0,,,20.6,6.2,14.400000000000002,13.4,1,59.59,1,2021-09-27,0,26.53,2,2021-09-25,2,4,26.34,0.0
276,2021-10-02,2-Oct,,refuel juicery burling burlingto,7.35,Restaurant,Oct,2021,2,Saturday,0.6,0.6,0.0,,37.0,25.3,9.8,15.5,17.6,0,26.34,1,2021-09-29,1,26.53,2,2021-09-25,3,7,0.0,7.35
277,2021-10-02,2-Oct,,a&w #4345 burlington on,18.27,Restaurant,Oct,2021,2,Saturday,0.6,0.6,0.0,,37.0,25.3,9.8,15.5,17.6,0,26.34,1,2021-09-29,1,26.53,2,2021-09-25,3,7,0.0,18.27
278,2021-10-03,3-Oct,,fortinos hamilton on,60.21,Groceries,Oct,2021,3,Sunday,15.6,15.6,0.0,,43.0,20.8,16.2,4.600000000000001,18.5,1,26.34,1,2021-09-29,0,25.619999999999997,2,2021-10-02,4,1,60.21,0.0
279,2021-10-04,4-Oct,,buffalo wild wings 046 ancaster ,20.78,Restaurant,Oct,2021,4,Monday,7.2,7.2,0.0,,41.0,16.2,14.2,2.0,15.2,0,60.21,1,2021-10-03,1,25.619999999999997,2,2021-10-02,1,2,0.0,20.78
280,2021-10-06,6-Oct,,indian & chinese hakka hamilton ,24.74,Restaurant,Oct,2021,6,Wednesday,0.0,0.0,0.0,,33.0,18.6,12.9,5.700000000000001,15.8,0,60.21,1,2021-10-03,1,20.78,1,2021-10-04,3,2,0.0,24.74
281,2021-10-10,10-Oct,,starbucks 04709 burlington on,6.38,Restaurant,Oct,2021,10,Sunday,0.0,0.0,0.0,,35.0,21.7,15.5,6.199999999999999,18.6,0,60.21,1,2021-10-03,1,24.74,1,2021-10-06,7,4,0.0,6.38
282,2021-10-10,10-Oct,,fortinos (dundurn 2018 hamilton ,17.27,Groceries,Oct,2021,10,Sunday,0.0,0.0,0.0,,35.0,21.7,15.5,6.199999999999999,18.6,1,60.21,1,2021-10-03,0,24.74,1,2021-10-06,7,4,17.27,0.0
